<application>
  <component name="BlazeWizardUserSettings">
    <settings>
      <entry key="blaze-wizard.last-imported-bazel-workspace" value="$USER_HOME$/dev/monorepo-fe::/Users/yasser.elsayed/dev/monorepo2::/Users/yasser.elsayed/dev/monorepo::/Users/yasser.elsayed/dev/monorepo/infra/platform/keq" />
      <entry key="import-from-workspace.last-workspace-path" value=".css/intellij/monorepo.bazelproject" />
      <entry key="select-project-view.selected-option" value="import-from-workspace" />
      <entry key="select-workspace.selected-option" value="use-existing-bazel-workspace" />
    </settings>
  </component>
</application>