<application>
  <component name="CodeVisionSettings">
    <option name="enabled" value="false" />
  </component>
  <component name="EditorSettings">
    <option name="languageBreadcrumbsMap">
      <map>
        <entry key="go" value="true" />
      </map>
    </option>
    <option name="SHOW_INTENTION_BULB" value="false" />
    <option name="SHOW_BREADCRUMBS_ABOVE" value="true" />
    <option name="SHOW_BREADCRUMBS" value="false" />
    <option name="IS_WHITESPACES_SHOWN" value="true" />
    <option name="IS_LEADING_WHITESPACES_SHOWN" value="false" />
    <option name="IS_INNER_WHITESPACES_SHOWN" value="false" />
    <option name="IS_INDENT_GUIDES_SHOWN" value="false" />
  </component>
</application>